timestamp,strategy,action,side,symbol,name,price,quantity,usd_amount,reason,pnl,pnl_pct,resolved,moon,portfolio_value,cash,hold_hours,score,pattern_bonus,f_pc_1h,f_pc_24h,f_pc_7d,f_pc_14d,f_pc_30d,f_vol_mcap,f_cap_rank,f_ret_30m,f_ret_2h,f_ema_spread,f_rsi14,f_range_pos,f_vol_5m
2026-09-03T17:32:30Z,conservative,BUY,long,ADA,Cardano,0.22195100,4505.49896148,1000.00,momentum entry (score 31.62),,,False,False,10000.00,9000.00,,31.620,0.000,1.1000,13.5500,3.6000,13.0000,15.3000,7.4237,92.4000,0.0000,0.0000,0.0000,0.0000,0.0000,0.0000
2026-09-03T17:32:30Z,conservative,BUY,long,HBAR,Hedera,0.07996400,12505.62753239,1000.00,momentum entry (score 23.19),,,False,False,10000.00,8000.00,,23.194,0.000,1.9000,8.8438,1.6000,9.2000,15.7000,2.0579,88.4000,0.0000,0.0000,0.0000,0.0000,0.0000,0.0000
2026-09-03T17:32:30Z,conservative,BUY,long,BNB,BNB,719.90000000,1.38908182,1000.00,momentum entry (score 21.44),,,False,False,10000.00,7000.00,,21.444,0.000,-0.5000,5.0541,1.5000,10.7000,21.8000,1.1503,98.4000,0.0000,0.0000,0.0000,0.0000,0.0000,0.0000
2026-09-03T17:32:30Z,conservative,BUY,long,LTC,Litecoin,51.29000000,19.49697797,1000.00,momentum entry (score 16.37),,,False,False,10000.00,6000.00,,16.368,0.000,0.0000,3.7479,2.2000,6.9000,15.7000,6.8767,89.6000,0.0000,0.0000,0.0000,0.0000,0.0000,0.0000
2026-09-03T17:32:30Z,aggressive,BUY,long,ENA,Ethena,0.17436000,12617.57283781,2200.00,momentum entry (score 65.27),,,False,False,10000.00,7800.00,,65.269,0.000,2.6000,17.7493,6.2000,60.0000,89.1000,39.1139,78.8000,0.0000,0.0000,0.0000,0.0000,0.0000,0.0000
2026-09-03T17:32:30Z,aggressive,BUY,long,XPL,Plasma,0.09556200,23021.70318746,2200.00,momentum entry (score 55.86),,,False,False,10000.00,5600.00,,55.857,0.000,5.1000,16.8187,12.0000,11.6000,26.5000,35.7865,42.0000,0.0000,0.0000,0.0000,0.0000,0.0000,0.0000
2026-09-03T17:32:30Z,aggressive,BUY,long,NIGHT,Midnight,0.02187332,100579.15305038,2200.00,momentum entry (score 46.77),,,False,False,10000.00,3400.00,,46.773,0.000,1.0000,17.0115,9.1000,12.2000,15.3000,3.7363,52.0000,0.0000,0.0000,0.0000,0.0000,0.0000,0.0000
2026-09-03T17:32:30Z,aggressive,BUY,long,STX,Stacks,0.27751400,7927.52798057,2200.00,momentum entry (score 45.66),,,False,False,10000.00,1200.00,,45.656,0.000,2.3000,6.9829,7.8000,60.0000,100.0000,4.3646,58.4000,0.0000,0.0000,0.0000,0.0000,0.0000,0.0000
2026-09-03T19:01:46Z,conservative,BUY,long,BTC,Bitcoin,81248.00000000,0.01230800,1000.00,momentum entry (score 24.08),,,False,False,10001.39,5000.00,,24.085,0.000,0.3000,5.0747,1.0000,11.7000,27.1000,2.1353,99.6000,0.0000,0.0000,0.0000,0.0000,0.0000,0.0000
2026-09-03T19:32:43Z,longshort,BUY,long,ZEC,Zcash,968.07000000,1.54947473,1500.00,long momentum entry (score 65.38),,,False,False,10000.00,8500.00,,65.375,0.000,1.6000,20.0345,16.9000,60.0000,92.6000,5.3608,95.6000,0.0000,0.0000,0.0000,0.0000,0.0000,0.0000
2026-09-03T19:32:43Z,longshort,BUY,long,BTC,Bitcoin,81525.00000000,0.01839926,1500.00,long momentum entry (score 15.13),,,False,False,10000.00,7000.00,,15.135,0.000,0.3000,5.7030,1.0000,11.7000,27.1000,2.1686,99.6000,0.0000,0.0000,0.0000,0.0000,0.0000,0.0000
2026-09-03T19:32:43Z,longshort,BUY,long,AVAX,Avalanche,7.53000000,199.20318725,1500.00,long momentum entry (score 11.06),,,False,False,10000.00,5500.00,,11.065,0.000,0.3000,5.4467,0.0000,3.7000,12.5000,8.0038,88.0000,0.0000,0.0000,0.0000,0.0000,0.0000,0.0000
2026-09-03T19:59:41Z,conservative,BUY,long,XMR,Monero,525.95000000,1.90132142,1000.00,long momentum entry (score 49.95),,,False,False,10016.23,4000.00,,49.951,0.000,-0.3000,4.6206,12.8000,25.2000,43.9000,1.4800,94.4000,0.0000,0.0000,0.0000,0.0000,0.0000,0.0000
2026-09-03T20:01:45Z,longshort,BUY,long,XRP,XRP,1.47000000,1020.40816327,1500.00,long momentum entry (score 24.36),,,False,False,10004.70,4000.00,,24.357,0.000,0.5000,9.5795,1.4000,19.6000,36.7000,4.6362,98.0000,0.0000,0.0000,0.0000,0.0000,0.0000,0.0000
2026-09-03T20:01:45Z,longshort,BUY,long,XMR,Monero,526.34000000,2.84986891,1500.00,long momentum entry (score 23.90),,,False,False,10004.70,2500.00,,23.896,0.000,0.7000,3.4601,12.0000,28.7000,45.8000,1.4663,94.4000,0.0000,0.0000,0.0000,0.0000,0.0000,0.0000
2026-09-03T20:32:55Z,daytrade,BUY,long,XRP,XRP,1.48000000,810.81081081,1200.00,long momentum entry (score 1.56),,,False,False,10000.00,8798.20,,1.565,0.000,0.5000,9.8725,1.4000,19.6000,36.7000,4.6502,98.0000,0.5339,1.3897,0.4539,64.4020,98.9221,0.2002
2026-09-03T20:34:06Z,daytrade,BUY,long,ADA,Cardano,0.22334100,5372.94988381,1200.00,long momentum entry (score 0.64),,,False,False,9998.20,7596.40,,0.641,0.000,-0.2000,12.7339,3.8000,13.7000,16.2000,8.0302,92.4000,0.2154,0.4433,0.2257,59.1205,94.2448,0.1929
2026-09-03T20:54:28Z,daytrade,BUY,long,LINK,Chainlink,11.90000000,100.84033613,1200.00,long momentum entry (score 1.12),,,False,False,9987.44,6394.60,,1.117,0.000,0.3000,6.9124,-0.2000,11.5000,44.1000,5.1530,93.6000,0.4240,0.8220,0.3375,56.3776,99.5536,0.1841
2026-09-03T21:12:28Z,daytrade,BUY,long,BCH,Bitcoin Cash,259.37000000,4.62659521,1200.00,long momentum entry (score 0.82),,,False,False,9988.55,5192.80,,0.825,0.000,-0.3000,6.2003,-4.1000,17.5000,20.7000,3.3346,91.6000,0.5236,0.4060,0.1324,56.9872,97.6419,0.1711
2026-09-03T22:03:42Z,daytrade,SELL,long,XRP,XRP,1.46000000,810.81081081,1182.01,stop-loss -1.35%,-19.79,-1.351,True,False,9974.65,6374.81,1.51,1.565,0.000,0.5000,9.8725,1.4000,19.6000,36.7000,4.6502,98.0000,0.5339,1.3897,0.4539,64.4020,98.9221,0.2002
2026-09-03T22:32:17Z,daytrade,SELL,long,ADA,Cardano,0.21995500,5372.94988381,1180.03,stop-loss -1.52%,-21.77,-1.516,True,False,9941.48,7554.84,1.97,0.641,0.000,-0.2000,12.7339,3.8000,13.7000,16.2000,8.0302,92.4000,0.2154,0.4433,0.2257,59.1205,94.2448,0.1929
2026-09-03T22:44:28Z,daytrade,BUY,long,HYPE,Hyperliquid,85.72000000,13.99906673,1200.00,long momentum entry (score 0.73),,,False,False,9934.99,6353.04,,0.730,0.000,0.2000,5.0347,0.1000,15.8000,54.2000,8.1944,96.0000,0.4110,0.3208,0.1720,51.5357,88.9117,0.1896
2026-09-03T23:49:18Z,daytrade,SELL,long,HYPE,Hyperliquid,87.92000000,13.99906673,1228.95,take-profit 2.57%,27.15,2.566,True,True,9963.74,7581.99,1.08,0.730,0.000,0.2000,5.0347,0.1000,15.8000,54.2000,8.1944,96.0000,0.4110,0.3208,0.1720,51.5357,88.9117,0.1896
2026-09-04T00:11:17Z,daytrade,SELL,long,BCH,Bitcoin Cash,256.11000000,4.62659521,1183.14,stop-loss -1.26%,-18.66,-1.257,True,False,9955.05,8765.13,2.98,0.825,0.000,-0.3000,6.2003,-4.1000,17.5000,20.7000,3.3346,91.6000,0.5236,0.4060,0.1324,56.9872,97.6419,0.1711
2026-09-04T00:35:27Z,daytrade,BUY,long,BNB,BNB,727.04000000,1.65052817,1200.00,long momentum entry (score 0.74),,,False,False,9960.09,7563.33,,0.743,0.000,0.2000,5.8957,1.8000,10.9000,22.2000,1.2445,98.4000,0.3194,0.7725,0.1277,67.8961,99.6517,0.0769
2026-09-04T00:39:53Z,daytrade,BUY,long,ETH,Ethereum,2513.30000000,0.47745991,1200.00,long momentum entry (score 0.68),,,False,False,9961.37,6361.53,,0.676,0.000,0.4000,5.5361,-0.3000,8.4000,33.8000,5.4710,99.2000,0.2882,0.8137,0.0856,72.9627,93.9099,0.0885
2026-09-04T01:53:40Z,daytrade,BUY,long,HYPE,Hyperliquid,87.22000000,13.75831231,1200.00,long momentum entry (score 0.63),,,False,False,9940.46,5159.73,,0.634,0.000,-1.1000,6.9186,2.2000,17.5000,57.2000,8.7580,96.0000,0.4520,-0.0650,0.1703,54.3586,89.5037,0.2606
2026-09-04T02:03:29Z,conservative,SELL,long,XMR,Monero,509.50000000,1.90132142,968.72,stop-loss -3.13%,-31.28,-3.128,True,False,9948.42,4968.72,6.06,49.951,0.000,-0.3000,4.6206,12.8000,25.2000,43.9000,1.4800,94.4000,0.0000,0.0000,0.0000,0.0000,0.0000,0.0000
2026-09-04T02:03:29Z,conservative,BUY,long,HYPE,Hyperliquid,87.07000000,11.48501206,1000.00,long momentum entry (score 46.09),,,False,False,9948.42,3968.72,,46.091,0.000,0.9000,6.6807,3.7000,19.1000,59.5000,8.6315,96.0000,0.5849,-0.1211,0.2144,70.1077,91.4166,0.2627
2026-09-04T02:57:17Z,daytrade,SELL,long,LINK,Chainlink,11.87000000,100.84033613,1195.18,max hold 6h (-0.25%),-6.62,-0.252,True,False,9940.06,6354.91,6.05,1.117,0.000,0.3000,6.9124,-0.2000,11.5000,44.1000,5.1530,93.6000,0.4240,0.8220,0.3375,56.3776,99.5536,0.1841
2026-09-04T02:57:17Z,daytrade,BUY,long,ADA,Cardano,0.22497400,5333.94970085,1200.00,long momentum entry (score 1.60),,,False,False,9940.06,5153.11,,1.600,0.000,1.2000,8.5062,3.8000,8.9000,16.4000,8.3576,92.4000,0.5431,1.5623,0.4253,64.7790,96.0429,0.2681
2026-09-04T04:08:29Z,longshort,SELL,long,XMR,Monero,499.99000000,2.84986891,1424.91,stop-loss -5.01%,-75.09,-5.006,True,False,9853.53,3924.91,8.11,23.896,0.000,0.7000,3.4601,12.0000,28.7000,45.8000,1.4663,94.4000,0.0000,0.0000,0.0000,0.0000,0.0000,0.0000
2026-09-04T04:08:29Z,longshort,BUY,long,HYPE,Hyperliquid,87.07000000,17.22751809,1500.00,long momentum entry (score 21.43),,,False,False,9853.53,2424.91,,21.430,0.000,0.4000,5.6688,4.6000,18.2000,54.8000,8.6464,96.0000,-0.1045,0.1855,0.1261,52.8034,87.3809,0.1648
2026-09-04T05:30:18Z,daytrade,SELL,long,ADA,Cardano,0.22217500,5333.94970085,1183.29,stop-loss -1.24%,-18.51,-1.244,True,False,9919.94,6336.41,2.55,1.600,0.000,1.2000,8.5062,3.8000,8.9000,16.4000,8.3576,92.4000,0.5431,1.5623,0.4253,64.7790,96.0429,0.2681
2026-09-04T05:30:18Z,daytrade,BUY,long,ZEC,Zcash,955.45000000,1.25595269,1200.00,long momentum entry (score 1.15),,,False,False,9919.94,5134.61,,1.149,0.000,0.1000,17.2476,20.0000,60.0000,84.8000,6.4183,95.6000,0.4743,0.8616,0.3114,57.0884,85.2999,0.2016
2026-09-04T05:32:28Z,daytrade,SELL,long,HYPE,Hyperliquid,86.14000000,13.75831231,1183.36,stop-loss -1.24%,-18.44,-1.238,True,False,9907.63,6317.97,3.65,0.634,0.000,-1.1000,6.9186,2.2000,17.5000,57.2000,8.7580,96.0000,0.4520,-0.0650,0.1703,54.3586,89.5037,0.2606
2026-09-04T06:35:35Z,daytrade,SELL,long,BNB,BNB,720.97000000,1.65052817,1188.20,max hold 6h (-0.83%),-13.60,-0.835,True,False,9898.51,7506.17,6.00,0.743,0.000,0.2000,5.8957,1.8000,10.9000,22.2000,1.2445,98.4000,0.3194,0.7725,0.1277,67.8961,99.6517,0.0769
2026-09-04T06:39:15Z,aggressive,BUY,long,ZEC,Zcash,949.62000000,0.75594946,717.86,long momentum entry (score 67.92),,,False,False,9642.71,482.14,,67.923,0.000,1.0000,14.2815,21.5000,60.0000,86.6000,6.2880,95.6000,-0.3648,-0.2670,0.2018,39.9692,82.6767,0.2345
2026-09-04T06:40:26Z,daytrade,SELL,long,ETH,Ethereum,2501.93000000,0.47745991,1192.78,max hold 6h (-0.45%),-9.02,-0.452,True,False,9891.72,8698.95,6.01,0.676,0.000,0.4000,5.5361,-0.3000,8.4000,33.8000,5.4710,99.2000,0.2882,0.8137,0.0856,72.9627,93.9099,0.0885
2026-09-04T07:41:14Z,daytrade,SELL,long,ZEC,Zcash,968.09000000,1.25595269,1214.05,"trailing stop (peak +2.11%, now +1.32%)",12.25,1.323,True,False,9913.00,9913.00,2.18,1.149,0.000,0.1000,17.2476,20.0000,60.0000,84.8000,6.4183,95.6000,0.4743,0.8616,0.3114,57.0884,85.2999,0.2016
2026-09-04T08:12:07Z,daytrade,BUY,long,ZEC,Zcash,970.40000000,1.23660346,1200.00,long momentum entry (score 1.84),,,False,False,9913.00,8711.20,,1.837,0.000,1.2000,16.6459,21.8000,60.0000,86.3000,6.4172,95.6000,0.4530,1.5676,0.6965,65.4465,95.3379,0.3315
2026-09-04T08:35:16Z,daytrade,BUY,long,ETH,Ethereum,2514.82000000,0.47717133,1200.00,long momentum entry (score 0.62),,,False,False,9907.59,7509.40,,0.616,0.000,-0.1000,4.5217,0.0000,5.7000,34.0000,5.6108,99.2000,0.4021,0.4095,0.0591,59.6436,94.4678,0.0848
2026-09-04T08:52:58Z,daytrade,BUY,long,SOL,Solana,104.24000000,11.51189563,1200.00,long momentum entry (score 0.68),,,False,False,9941.49,6307.60,,0.676,0.000,0.0000,3.6389,-3.7000,14.9000,40.0000,6.7723,97.2000,0.3578,0.5988,0.0909,69.3894,76.0415,0.1094
2026-09-04T08:52:58Z,daytrade,BUY,long,XRP,XRP,1.45000000,827.58620690,1200.00,long momentum entry (score 0.67),,,False,False,9939.69,5105.80,,0.667,0.000,-0.1000,6.1804,1.2000,11.2000,35.2000,4.4801,98.0000,0.3739,0.5277,0.0902,62.9721,77.0245,0.1330
2026-09-04T08:56:02Z,daytrade,SELL,long,ZEC,Zcash,1007.94000000,1.23660346,1244.55,take-profit 3.87%,42.75,3.869,True,True,9955.98,6350.35,0.73,1.837,0.000,1.2000,16.6459,21.8000,60.0000,86.3000,6.4172,95.6000,0.4530,1.5676,0.6965,65.4465,95.3379,0.3315
2026-09-04T08:57:10Z,daytrade,BUY,long,HYPE,Hyperliquid,86.73000000,13.83604289,1200.00,long momentum entry (score 1.24),,,False,False,9957.57,5148.55,,1.243,0.000,0.4000,5.8319,3.3000,18.5000,51.4000,8.5384,96.4000,0.8542,0.8777,0.0680,56.0973,82.3033,0.2151
2026-09-04T12:34:03Z,daytrade,SELL,long,SOL,Solana,102.16000000,11.51189563,1174.29,stop-loss -2.00%,-27.51,-1.995,True,False,9875.73,6322.84,3.68,0.676,0.000,0.0000,3.6389,-3.7000,14.9000,40.0000,6.7723,97.2000,0.3578,0.5988,0.0909,69.3894,76.0415,0.1094
2026-09-04T12:34:03Z,daytrade,SELL,long,XRP,XRP,1.42000000,827.58620690,1173.41,stop-loss -2.07%,-28.39,-2.069,True,False,9873.96,7496.25,3.68,0.667,0.000,-0.1000,6.1804,1.2000,11.2000,35.2000,4.4801,98.0000,0.3739,0.5277,0.0902,62.9721,77.0245,0.1330
2026-09-04T12:34:03Z,daytrade,BUY,long,ZEC,Zcash,991.74000000,1.20999456,1200.00,long momentum entry (score 1.62),,,False,False,9873.96,6294.45,,1.624,0.000,0.7000,16.7159,26.4000,53.4000,95.8000,7.4445,95.6000,0.2444,1.8292,0.6160,72.1349,94.8236,0.2343
2026-09-04T12:39:31Z,daytrade,SELL,long,ETH,Ethereum,2451.45000000,0.47717133,1168.01,stop-loss -2.52%,-33.79,-2.520,True,False,9844.25,7462.46,4.07,0.616,0.000,-0.1000,4.5217,0.0000,5.7000,34.0000,5.6108,99.2000,0.4021,0.4095,0.0591,59.6436,94.4678,0.0848
2026-09-04T12:39:31Z,daytrade,SELL,long,HYPE,Hyperliquid,85.63000000,13.83604289,1183.00,stop-loss -1.27%,-18.80,-1.268,True,False,9842.47,8645.46,3.71,1.243,0.000,0.4000,5.8319,3.3000,18.5000,51.4000,8.5384,96.4000,0.8542,0.8777,0.0680,56.0973,82.3033,0.2151
2026-09-04T12:40:42Z,conservative,SELL,long,ADA,Cardano,0.21494500,4505.49896148,968.43,stop-loss -3.16%,-31.57,-3.157,True,False,9845.02,4937.16,19.14,31.620,0.000,1.1000,13.5500,3.6000,13.0000,15.3000,7.4237,92.4000,0.0000,0.0000,0.0000,0.0000,0.0000,0.0000
2026-09-04T12:40:42Z,conservative,BUY,long,XMR,Monero,531.96000000,1.87984059,1000.00,long momentum entry (score 61.23),,,False,False,9845.02,3937.16,,61.226,0.000,-0.2000,3.4059,16.4000,32.4000,55.2000,2.0868,94.4000,,,,,,
2026-09-04T12:48:26Z,conservative,SELL,long,HBAR,Hedera,0.07748000,12505.62753239,968.94,stop-loss -3.11%,-31.06,-3.106,True,False,9824.89,4906.09,19.27,23.194,0.000,1.9000,8.8438,1.6000,9.2000,15.7000,2.0579,88.4000,0.0000,0.0000,0.0000,0.0000,0.0000,0.0000
2026-09-04T12:48:26Z,conservative,BUY,long,LINK,Chainlink,11.61000000,86.13264427,1000.00,long momentum entry (score 26.61),,,False,False,9824.89,3906.09,,26.605,0.000,-0.4000,2.1253,2.3000,5.5000,47.7000,6.2838,93.6000,,,,,,
2026-09-04T13:14:32Z,daytrade,SELL,long,ZEC,Zcash,972.01000000,1.20999456,1174.36,stop-loss -1.99%,-27.44,-1.989,True,False,9819.82,9819.82,0.67,1.624,0.000,0.7000,16.7159,26.4000,53.4000,95.8000,7.4445,95.6000,0.2444,1.8292,0.6160,72.1349,94.8236,0.2343
2026-09-04T14:24:51Z,conservative,SELL,long,HYPE,Hyperliquid,84.45000000,11.48501206,969.91,stop-loss -3.01%,-30.09,-3.009,True,False,9811.49,4876.00,12.36,46.091,0.000,0.9000,6.6807,3.7000,19.1000,59.5000,8.6315,96.0000,0.5849,-0.1211,0.2144,70.1077,91.4166,0.2627
2026-09-04T14:24:51Z,conservative,BUY,long,ZEC,Zcash,979.46000000,1.02097074,1000.00,long momentum entry (score 104.80),,,False,False,9811.49,3876.00,,104.800,0.000,0.1000,13.4501,23.8000,53.1000,89.1000,8.2935,95.6000,-1.0995,-2.8521,-0.5435,57.6452,73.9205,0.8863
2026-09-04T14:44:55Z,longshort,SELL,long,XRP,XRP,1.39000000,1020.40816327,1418.37,stop-loss -5.44%,-81.63,-5.442,True,False,9722.42,3843.27,18.72,24.357,0.000,0.5000,9.5795,1.4000,19.6000,36.7000,4.6362,98.0000,0.0000,0.0000,0.0000,0.0000,0.0000,0.0000
2026-09-04T14:51:24Z,conservative,SELL,long,BTC,Bitcoin,78746.00000000,0.01230800,969.21,stop-loss -3.08%,-30.79,-3.079,True,False,9766.73,4845.21,19.83,24.085,0.000,0.3000,5.0747,1.0000,11.7000,27.1000,2.1353,99.6000,0.0000,0.0000,0.0000,0.0000,0.0000,0.0000
2026-09-04T15:29:22Z,longshort,SHORT,short,SUI,Sui,0.74783900,2005.77931881,1500.00,short momentum entry (score 10.01),,,False,False,9748.28,2343.27,,10.011,0.000,-1.3000,-4.1071,-2.1000,-7.2000,8.2000,17.7095,87.2000,,,,,,
2026-09-04T16:17:11Z,daytrade,BUY,long,ZEC,Zcash,991.62000000,1.00845082,1000.00,long momentum entry (score 1.16),,,False,False,9819.82,8818.32,,1.164,0.000,1.0000,5.7210,20.9000,50.3000,90.2000,7.2638,95.6000,0.6615,1.1636,0.0796,65.0741,65.0583,0.4224
2026-09-04T16:35:48Z,daytrade,SELL,long,ZEC,Zcash,1017.75000000,1.00845082,1024.81,take-profit 2.64%,23.31,2.635,True,True,9843.13,9843.13,0.31,1.164,0.000,1.0000,5.7210,20.9000,50.3000,90.2000,7.2638,95.6000,0.6615,1.1636,0.0796,65.0741,65.0583,0.4224
2026-09-04T17:18:19Z,daytrade,SHORT,short,XRP,XRP,1.40000000,714.28571429,1000.00,short momentum entry (score 0.82),,,False,False,9843.13,8841.63,,0.821,0.000,0.3000,-4.0905,-0.1000,0.1000,32.4000,4.1226,98.0000,-0.6883,0.1421,-0.1517,42.1115,13.1063,0.1391
2026-09-04T17:22:26Z,daytrade,SHORT,short,ADA,Cardano,0.21284700,4698.21045164,1000.00,short momentum entry (score 0.76),,,False,False,9841.63,7840.13,,0.763,0.000,0.3000,-3.8701,4.3000,-2.6000,13.1000,8.4687,92.4000,-0.5133,-0.2016,-0.1493,45.8159,19.8144,0.1620
2026-09-04T17:28:04Z,conservative,SELL,long,ZEC,Zcash,1021.31000000,1.02097074,1042.73,"trailing stop (peak +6.77%, now +4.27%)",42.73,4.273,True,False,9852.90,5887.94,3.05,104.800,0.000,0.1000,13.4501,23.8000,53.1000,89.1000,8.2935,95.6000,-1.0995,-2.8521,-0.5435,57.6452,73.9205,0.8863
2026-09-04T17:33:44Z,daytrade,SHORT,short,XMR,Monero,522.00000000,1.91570881,1000.00,short momentum entry (score 0.63),,,False,False,9842.60,6838.63,,0.625,0.000,0.4000,0.2760,11.9000,27.5000,47.5000,2.2471,94.4000,-0.5363,0.4062,-0.1925,38.5443,33.2487,0.3355
2026-09-04T17:38:03Z,daytrade,SHORT,short,LINK,Chainlink,11.62000000,86.05851979,1000.00,short momentum entry (score 0.77),,,False,False,9841.24,5837.13,,0.774,0.000,0.3000,-0.9937,1.1000,1.6000,44.3000,5.8373,93.6000,-0.4846,-0.4695,-0.1046,30.7903,21.2116,0.1170
2026-09-04T17:48:16Z,longshort,SELL,long,ZEC,Zcash,1008.41000000,1.54947473,1562.51,"trailing stop (peak +8.03%, now +4.17%)",62.51,4.167,True,False,9789.48,3905.78,22.26,65.375,0.000,1.6000,20.0345,16.9000,60.0000,92.6000,5.3608,95.6000,0.0000,0.0000,0.0000,0.0000,0.0000,0.0000
2026-09-04T18:01:34Z,longshort,SHORT,short,XLM,Stellar,0.17806400,8423.93746069,1500.00,short momentum entry (score 9.71),,,False,False,9788.78,2405.78,,9.710,0.000,-0.8000,-4.7498,-0.6000,-7.2000,6.5000,2.4667,92.0000,,,,,,
2026-09-04T18:25:04Z,conservative,BUY,long,HYPE,Hyperliquid,85.21000000,11.73571177,1000.00,long momentum entry (score 31.35),,,False,False,9847.37,4887.94,,31.346,0.000,-0.2000,1.3457,4.2000,11.3000,47.8000,8.0210,96.0000,0.2612,0.5566,0.0601,47.8849,37.4711,0.1924
2026-09-04T18:35:47Z,daytrade,BUY,long,ZEC,Zcash,1027.72000000,0.97302767,1000.00,long momentum entry (score 2.42),,,False,False,9844.49,4835.63,,2.418,0.000,-2.6000,6.8424,26.1000,49.5000,93.3000,7.8222,95.6000,1.2615,1.1042,0.6420,57.6034,87.7127,0.5704
2026-09-04T19:51:17Z,daytrade,COVER,short,XMR,Monero,529.08000000,1.91570881,984.96,stop-loss -1.36%,-16.54,-1.356,True,False,9818.92,5820.59,2.29,0.625,0.000,0.4000,0.2760,11.9000,27.5000,47.5000,2.2471,94.4000,-0.5363,0.4062,-0.1925,38.5443,33.2487,0.3355
2026-09-04T20:36:25Z,daytrade,SHORT,short,HYPE,Hyperliquid,84.83000000,11.78828245,1000.00,short momentum entry (score 0.63),,,False,False,9826.81,4819.09,,0.633,0.000,-0.3000,-0.8431,7.2000,14.1000,48.4000,7.5838,96.0000,-0.2883,-0.5739,-0.1200,37.6750,26.5291,0.1386
2026-09-04T21:56:17Z,conservative,SELL,long,XMR,Monero,514.87000000,1.87984059,967.87,stop-loss -3.21%,-32.13,-3.213,True,False,9824.81,5855.81,9.26,61.226,0.000,-0.2000,3.4059,16.4000,32.4000,55.2000,2.0868,94.4000,0.0000,0.0000,0.0000,0.0000,0.0000,0.0000
2026-09-04T22:00:50Z,conservative,BUY,long,ZEC,Zcash,1017.85000000,0.98246303,1000.00,long momentum entry (score 98.87),,,False,False,9825.60,4855.81,,98.869,0.000,-0.7000,7.0791,27.6000,43.3000,96.4000,7.6173,95.6000,-0.6111,-2.3587,-0.3514,30.1049,76.0090,0.3034
2026-09-04T22:12:37Z,daytrade,SELL,long,ZEC,Zcash,1015.05000000,0.97302767,986.19,stop-loss -1.23%,-15.31,-1.233,True,False,9818.81,5805.28,3.61,2.418,0.000,-2.6000,6.8424,26.1000,49.5000,93.3000,7.8222,95.6000,1.2615,1.1042,0.6420,57.6034,87.7127,0.5704
2026-09-04T22:39:59Z,daytrade,SHORT,short,XMR,Monero,515.92000000,1.93828501,1000.00,short momentum entry (score 2.62),,,False,False,9822.03,4803.78,,2.615,0.000,-4.1000,-0.6741,10.5000,24.9000,41.7000,2.1918,94.0000,-0.3528,-3.2569,-0.9353,28.7682,23.9301,0.4859
2026-09-04T23:09:25Z,daytrade,SHORT,short,BCH,Bitcoin Cash,249.82000000,4.00288208,1000.00,short momentum entry (score 1.67),,,False,False,9818.88,3802.28,,1.671,0.000,-1.2000,-3.0223,0.9000,-14.5000,16.0000,3.0207,91.6000,-0.7259,-1.2055,-0.4357,27.7986,16.3902,0.1800
2026-09-04T23:21:17Z,daytrade,COVER,short,XRP,XRP,1.40000000,714.28571429,998.50,max hold 6h (+0.00%),-3.00,0.000,True,False,9818.70,4800.78,6.05,0.821,0.000,0.3000,-4.0905,-0.1000,0.1000,32.4000,4.1226,98.0000,-0.6883,0.1421,-0.1517,42.1115,13.1063,0.1391
2026-09-04T23:22:27Z,daytrade,COVER,short,ADA,Cardano,0.21076900,4698.21045164,1008.25,max hold 6h (+0.98%),6.75,0.976,True,False,9817.41,5809.03,6.00,0.763,0.000,0.3000,-3.8701,4.3000,-2.6000,13.1000,8.4687,92.4000,-0.5133,-0.2016,-0.1493,45.8159,19.8144,0.1620
2026-09-04T23:39:11Z,daytrade,COVER,short,LINK,Chainlink,11.64000000,86.05851979,996.78,max hold 6h (-0.17%),-4.72,-0.172,True,False,9805.84,6805.81,6.02,0.774,0.000,0.3000,-0.9937,1.1000,1.6000,44.3000,5.8373,93.6000,-0.4846,-0.4695,-0.1046,30.7903,21.2116,0.1170
2026-09-04T23:43:42Z,daytrade,COVER,short,XMR,Monero,522.26000000,1.93828501,986.23,stop-loss -1.23%,-15.27,-1.229,True,False,9802.58,7792.04,1.06,2.615,0.000,-4.1000,-0.6741,10.5000,24.9000,41.7000,2.1918,94.0000,-0.3528,-3.2569,-0.9353,28.7682,23.9301,0.4859
2026-09-05T01:37:48Z,daytrade,BUY,long,BNB,BNB,723.16000000,1.38281985,1000.00,long momentum entry (score 0.65),,,False,False,9812.48,6790.54,,0.651,0.000,-0.2000,0.4260,4.1000,4.8000,21.3000,1.0270,98.4000,0.4036,0.2907,0.1210,69.5749,73.3137,0.0860
2026-09-05T01:56:32Z,conservative,BUY,long,XMR,Monero,529.32000000,1.88921635,1000.00,long momentum entry (score 49.55),,,False,False,9850.69,3855.81,,49.547,0.000,1.1000,3.2169,11.6000,27.7000,43.9000,2.2027,94.4000,0.5849,1.6214,0.4910,61.1697,44.4896,0.2375
2026-09-05T01:59:52Z,daytrade,SHORT,short,ADA,Cardano,0.21033100,4754.41090472,1000.00,short momentum entry (score 0.76),,,False,False,9812.29,5789.04,,0.764,0.000,-0.3000,-5.4642,3.7000,-8.1000,10.2000,7.1829,92.4000,-0.4730,-0.4617,-0.1078,41.6964,3.4688,0.1268
2026-09-05T02:36:53Z,daytrade,COVER,short,HYPE,Hyperliquid,84.12000000,11.78828245,1006.86,max hold 6h (+0.84%),5.36,0.837,True,False,9806.79,6795.90,6.01,0.633,0.000,-0.3000,-0.8431,7.2000,14.1000,48.4000,7.5838,96.0000,-0.2883,-0.5739,-0.1200,37.6750,26.5291,0.1386
2026-09-05T02:56:01Z,daytrade,BUY,long,ZEC,Zcash,1029.10000000,0.97172286,1000.00,long momentum entry (score 1.29),,,False,False,9803.78,5794.40,,1.287,0.000,-0.5000,9.5317,26.5000,37.9000,98.6000,7.4988,95.6000,0.9413,0.4766,0.1494,67.1624,87.9590,0.2201
2026-09-05T03:01:32Z,daytrade,COVER,short,BCH,Bitcoin Cash,247.05000000,4.00288208,1009.57,"trailing stop (peak +1.81%, now +1.11%)",8.07,1.109,True,False,9801.28,6803.97,3.87,1.671,0.000,-1.2000,-3.0223,0.9000,-14.5000,16.0000,3.0207,91.6000,-0.7259,-1.2055,-0.4357,27.7986,16.3902,0.1800
2026-09-05T04:59:51Z,daytrade,SELL,long,ZEC,Zcash,1016.08000000,0.97172286,985.87,stop-loss -1.27%,-15.63,-1.265,True,False,9784.84,7789.84,2.06,1.287,0.000,-0.5000,9.5317,26.5000,37.9000,98.6000,7.4988,95.6000,0.9413,0.4766,0.1494,67.1624,87.9590,0.2201
2026-09-05T05:43:30Z,daytrade,SHORT,short,LINK,Chainlink,11.63000000,85.98452279,1000.00,short momentum entry (score 0.66),,,False,False,9788.27,6788.34,,0.658,0.000,-0.2000,-2.2871,2.7000,-5.9000,43.7000,4.8925,93.6000,-0.3152,-0.6312,-0.1018,38.7950,23.7175,0.1080
2026-09-05T06:06:27Z,daytrade,SHORT,short,XMR,Monero,527.78000000,1.89472886,1000.00,short momentum entry (score 1.21),,,False,False,9779.00,5786.84,,1.212,0.000,-1.0000,4.6243,12.8000,14.6000,45.3000,2.0301,94.4000,-0.6747,-1.1736,-0.1051,26.8652,36.1247,0.3311
2026-09-05T06:39:17Z,daytrade,COVER,short,ADA,Cardano,0.21298400,4754.41090472,985.91,stop-loss -1.26%,-15.59,-1.261,True,False,9771.22,6772.74,4.66,0.764,0.000,-0.3000,-5.4642,3.7000,-8.1000,10.2000,7.1829,92.4000,-0.4730,-0.4617,-0.1078,41.6964,3.4688,0.1268
2026-09-05T07:30:30Z,longshort,COVER,short,SUI,Sui,0.78788300,2005.77931881,1419.68,stop-loss -5.35%,-80.32,-5.355,True,False,9695.82,3825.46,16.02,10.011,0.000,-1.3000,-4.1071,-2.1000,-7.2000,8.2000,17.7095,87.2000,0.0000,0.0000,0.0000,0.0000,0.0000,0.0000
2026-09-05T07:30:30Z,longshort,BUY,long,NEAR,NEAR Protocol,2.24000000,669.64285714,1500.00,long momentum entry (score 45.72),,,False,False,9695.82,2325.46,,45.721,0.000,2.2000,13.2819,25.6000,16.2000,32.3000,20.3679,86.4000,,,,,,
2026-09-05T07:38:39Z,daytrade,SELL,long,BNB,BNB,735.80000000,1.38281985,1015.95,max hold 6h (+1.75%),14.45,1.748,True,False,9773.58,7788.69,6.01,0.651,0.000,-0.2000,0.4260,4.1000,4.8000,21.3000,1.0270,98.4000,0.4036,0.2907,0.1210,69.5749,73.3137,0.0860
2026-09-05T07:48:32Z,daytrade,COVER,short,LINK,Chainlink,11.77000000,85.98452279,986.48,stop-loss -1.20%,-15.02,-1.204,True,False,9771.44,8775.17,2.08,0.658,0.000,-0.2000,-2.2871,2.7000,-5.9000,43.7000,4.8925,93.6000,-0.3152,-0.6312,-0.1018,38.7950,23.7175,0.1080
2026-09-05T08:34:01Z,conservative,SELL,long,LTC,Litecoin,52.99000000,19.49697797,1033.14,"trailing stop (peak +5.91%, now +3.31%)",33.14,3.314,True,False,9918.93,4888.95,39.03,16.368,0.000,0.0000,3.7479,2.2000,6.9000,15.7000,6.8767,89.6000,0.0000,0.0000,0.0000,0.0000,0.0000,0.0000
2026-09-05T09:10:06Z,daytrade,BUY,long,SOL,Solana,102.73000000,9.73425484,1000.00,long momentum entry (score 0.74),,,False,False,9772.77,7773.67,,0.737,0.000,0.3000,-1.4889,-1.1000,8.6000,39.0000,4.8834,97.2000,0.3876,0.3841,0.1795,69.1371,55.6958,0.0968
2026-09-05T09:23:43Z,daytrade,BUY,long,LINK,Chainlink,11.84000000,84.45945946,1000.00,long momentum entry (score 1.24),,,False,False,9772.92,6772.17,,1.239,0.000,0.4000,-1.7438,4.0000,0.4000,44.0000,4.6364,93.6000,0.5532,0.8487,0.3236,67.9878,57.9430,0.1383
2026-09-05T10:04:07Z,conservative,BUY,long,HBAR,Hedera,0.08050400,12421.74301898,1000.00,long momentum entry (score 18.32),,,False,False,9925.57,3888.95,,18.318,0.000,0.5000,1.7284,7.6000,2.9000,17.5000,1.8873,88.4000,,,,,,
2026-09-05T10:26:16Z,daytrade,BUY,long,BNB,BNB,750.20000000,1.33297787,1000.00,long momentum entry (score 1.14),,,False,False,9767.55,5770.67,,1.141,0.000,-0.3000,4.5288,8.7000,7.2000,25.7000,1.4439,98.4000,0.3885,0.2707,0.5483,54.8760,98.1523,0.1656
2026-09-05T10:33:02Z,daytrade,BUY,long,ZEC,Zcash,1012.58000000,0.98757629,1000.00,long momentum entry (score 0.97),,,False,False,9764.99,4769.17,,0.969,0.000,0.4000,1.9803,27.2000,27.3000,99.5000,6.6184,95.6000,0.5361,0.9938,0.0708,62.6506,63.0514,0.1774
2026-09-05T10:45:00Z,daytrade,BUY,long,XLM,Stellar,0.18373200,5442.71003418,1000.00,long momentum entry (score 0.85),,,False,False,9758.36,3767.67,,0.848,0.000,0.2000,-0.5691,3.3000,-10.2000,12.8000,2.1602,92.0000,0.3545,0.7231,0.2001,68.6770,81.5928,0.0747
2026-09-05T11:04:21Z,daytrade,COVER,short,XMR,Monero,537.34000000,1.89472886,980.41,stop-loss -1.81%,-21.09,-1.811,True,False,9733.16,4748.09,4.97,1.212,0.000,-1.0000,4.6243,12.8000,14.6000,45.3000,2.0301,94.4000,-0.6747,-1.1736,-0.1051,26.8652,36.1247,0.3311
2026-09-05T12:12:39Z,daytrade,SHORT,short,BCH,Bitcoin Cash,250.54000000,3.99137862,1000.00,short momentum entry (score 0.82),,,False,False,9736.22,3746.59,,0.822,0.000,0.2000,-3.5222,3.5000,-8.5000,19.4000,2.9992,91.6000,-0.5337,-0.4971,-0.0954,40.4268,37.6581,0.2226
2026-09-05T13:55:07Z,daytrade,SELL,long,BNB,BNB,760.39000000,1.33297787,1012.06,"trailing stop (peak +2.26%, now +1.36%)",10.56,1.358,True,False,9761.30,4758.65,3.48,1.141,0.000,-0.3000,4.5288,8.7000,7.2000,25.7000,1.4439,98.4000,0.3885,0.2707,0.5483,54.8760,98.1523,0.1656
2026-09-05T14:31:58Z,daytrade,BUY,long,XRP,XRP,1.42000000,704.22535211,1000.00,long momentum entry (score 0.66),,,False,False,9765.26,3757.15,,0.661,0.000,-0.1000,0.9204,2.0000,-6.1000,35.1000,1.7969,98.0000,0.2085,0.7474,0.1591,52.5343,94.8451,0.1233
2026-09-05T15:11:06Z,daytrade,SELL,long,SOL,Solana,102.86000000,9.73425484,999.76,max hold 6h (+0.13%),-1.74,0.127,True,False,9761.09,4756.91,6.02,0.737,0.000,0.3000,-1.4889,-1.1000,8.6000,39.0000,4.8834,97.2000,0.3876,0.3841,0.1795,69.1371,55.6958,0.0968
2026-09-05T15:11:06Z,daytrade,BUY,long,BNB,BNB,769.47000000,1.29959583,1000.00,long momentum entry (score 1.11),,,False,False,9761.09,3755.41,,1.111,0.000,1.2000,7.7601,11.7000,10.7000,29.9000,1.7857,98.4000,0.1537,0.6725,0.6017,68.8943,97.9935,0.2249
2026-09-05T15:24:23Z,daytrade,SELL,long,LINK,Chainlink,11.90000000,84.45945946,1003.56,max hold 6h (+0.51%),2.06,0.507,True,False,9761.71,4758.97,6.01,1.239,0.000,0.4000,-1.7438,4.0000,0.4000,44.0000,4.6364,93.6000,0.5532,0.8487,0.3236,67.9878,57.9430,0.1383
2026-09-05T15:32:08Z,daytrade,BUY,long,ADA,Cardano,0.21800200,4587.11387969,1000.00,long momentum entry (score 1.14),,,False,False,9763.10,3757.47,,1.138,0.000,1.0000,2.2135,8.8000,-3.8000,12.4000,4.8259,92.4000,0.3085,0.8363,0.4473,70.0303,95.7657,0.2053
2026-09-05T16:33:32Z,daytrade,SELL,long,ZEC,Zcash,1022.33000000,0.98757629,1008.11,max hold 6h (+0.96%),6.61,0.963,True,False,9756.06,4765.59,6.01,0.969,0.000,0.4000,1.9803,27.2000,27.3000,99.5000,6.6184,95.6000,0.5361,0.9938,0.0708,62.6506,63.0514,0.1774
2026-09-05T16:33:32Z,daytrade,BUY,long,HYPE,Hyperliquid,85.58000000,11.68497312,1000.00,long momentum entry (score 0.63),,,False,False,9756.06,3764.09,,0.625,0.000,0.2000,0.8080,3.2000,10.5000,53.0000,4.2897,96.0000,0.2447,0.4989,0.1716,66.3278,94.0619,0.1137
2026-09-05T16:45:59Z,daytrade,SELL,long,XLM,Stellar,0.18375000,5442.71003418,998.60,max hold 6h (+0.01%),-2.90,0.010,True,False,9756.72,4762.69,6.02,0.848,0.000,0.2000,-0.5691,3.3000,-10.2000,12.8000,2.1602,92.0000,0.3545,0.7231,0.2001,68.6770,81.5928,0.0747
2026-09-05T16:58:36Z,daytrade,COVER,short,BCH,Bitcoin Cash,254.00000000,3.99137862,984.71,stop-loss -1.38%,-16.79,-1.381,True,False,9763.49,5747.40,4.77,0.822,0.000,0.2000,-3.5222,3.5000,-8.5000,19.4000,2.9992,91.6000,-0.5337,-0.4971,-0.0954,40.4268,37.6581,0.2226
2026-09-05T16:59:42Z,daytrade,BUY,long,LINK,Chainlink,11.98000000,83.47245409,1000.00,long momentum entry (score 1.09),,,False,False,9763.94,4745.90,,1.090,0.000,0.5000,2.3521,4.2000,2.6000,45.5000,3.2082,93.6000,0.4943,0.8341,0.2532,62.7802,100.0000,0.1488
2026-09-05T17:16:30Z,daytrade,BUY,long,XLM,Stellar,0.18481400,5410.84549872,1000.00,long momentum entry (score 0.79),,,False,False,9775.03,3744.40,,0.790,0.000,0.4000,3.3007,3.2000,-5.6000,14.1000,1.8107,92.0000,0.5452,0.3624,0.0984,72.2561,83.8476,0.2986
2026-09-05T17:29:39Z,daytrade,SELL,long,LINK,Chainlink,12.14000000,83.47245409,1011.84,"trailing stop (peak +2.09%, now +1.34%)",10.34,1.336,True,False,9764.34,4756.23,0.50,1.090,0.000,0.5000,2.3521,4.2000,2.6000,45.5000,3.2082,93.6000,0.4943,0.8341,0.2532,62.7802,100.0000,0.1488
2026-09-05T17:33:38Z,aggressive,SELL,long,ENA,Ethena,0.16468800,12617.57283781,2077.96,max hold 48h (-5.55%),-122.04,-5.547,True,False,9778.53,2560.10,48.02,65.269,0.000,2.6000,17.7493,6.2000,60.0000,89.1000,39.1139,78.8000,0.0000,0.0000,0.0000,0.0000,0.0000,0.0000
2026-09-05T17:33:38Z,aggressive,SELL,long,XPL,Plasma,0.09291300,23021.70318746,2139.02,max hold 48h (-2.77%),-60.98,-2.772,True,False,9778.53,4699.11,48.02,55.857,0.000,5.1000,16.8187,12.0000,11.6000,26.5000,35.7865,42.0000,0.0000,0.0000,0.0000,0.0000,0.0000,0.0000
2026-09-05T17:33:38Z,aggressive,SELL,long,NIGHT,Midnight,0.02213482,100579.15305038,2226.30,max hold 48h (+1.20%),26.30,1.196,True,False,9778.53,6925.42,48.02,46.773,0.000,1.0000,17.0115,9.1000,12.2000,15.3000,3.7363,52.0000,0.0000,0.0000,0.0000,0.0000,0.0000,0.0000
2026-09-05T17:33:38Z,aggressive,SELL,long,STX,Stacks,0.26182300,7927.52798057,2075.61,max hold 48h (-5.65%),-124.39,-5.654,True,False,9778.53,9001.02,48.02,45.656,0.000,2.3000,6.9829,7.8000,60.0000,100.0000,4.3646,58.4000,0.0000,0.0000,0.0000,0.0000,0.0000,0.0000
2026-09-05T17:33:38Z,aggressive,BUY,long,NEAR,NEAR Protocol,2.22000000,337.83783784,750.00,long momentum entry (score 46.35),,,False,False,9778.53,8251.02,,46.353,0.000,1.4000,10.7266,20.0000,18.1000,31.8000,18.1034,86.4000,,,,,,
2026-09-05T17:33:38Z,aggressive,BUY,long,BNB,BNB,777.69000000,0.96439455,750.00,long momentum entry (score 33.40),,,False,False,9778.53,7501.02,,33.398,0.000,0.8000,8.3590,12.3000,12.7000,31.0000,1.9800,98.4000,0.3779,1.3026,0.5350,60.5140,94.8180,0.2158
2026-09-05T17:33:38Z,aggressive,BUY,long,LTC,Litecoin,54.65000000,13.72369625,750.00,long momentum entry (score 30.47),,,False,False,9778.53,6751.02,,30.472,0.000,1.4000,8.3909,10.9000,4.8000,19.1000,9.8311,89.6000,,,,,,
2026-09-05T17:34:45Z,aggressive,BUY,long,SUI,Sui,0.79896000,938.72033644,750.00,long momentum entry (score 20.96),,,False,False,9781.77,6001.02,,20.958,0.000,0.5000,6.3491,7.5000,-1.8000,18.7000,16.4239,88.0000,,,,,,
2026-09-05T17:34:45Z,aggressive,BUY,long,ICP,Internet Computer,2.61000000,287.35632184,750.00,long momentum entry (score 19.32),,,False,False,9781.77,5251.02,,19.315,0.000,0.4000,5.7726,3.1000,10.8000,25.3000,3.8971,76.4000,,,,,,
2026-09-05T17:34:45Z,aggressive,BUY,long,LINK,Chainlink,12.13000000,61.83017312,750.00,long momentum entry (score 18.81),,,False,False,9781.77,4501.02,,18.809,0.000,0.3000,4.4844,5.2000,3.3000,45.7000,3.4967,93.6000,1.5150,1.9607,0.7562,77.3772,90.0108,0.2554
2026-09-05T17:35:51Z,aggressive,BUY,long,HBAR,Hedera,0.08059900,9305.32636881,750.00,long momentum entry (score 16.67),,,False,False,9788.78,3751.02,,16.671,0.000,0.2000,4.0003,6.8000,5.7000,17.9000,1.5791,88.4000,,,,,,
2026-09-05T17:35:51Z,aggressive,BUY,long,TIA,Celestia,0.36808200,2037.58945018,750.00,long momentum entry (score 16.51),,,False,False,9788.78,3001.02,,16.514,0.000,0.7000,4.2968,7.8000,-2.4000,11.1000,8.4229,50.8000,,,,,,
2026-09-05T17:35:51Z,aggressive,BUY,long,ETC,Ethereum Classic,7.74000000,96.89922481,750.00,long momentum entry (score 14.09),,,False,False,9788.78,2251.02,,14.088,0.000,0.2000,5.0040,2.4000,-1.0000,20.6000,3.4589,73.2000,,,,,,
2026-09-05T17:36:59Z,aggressive,BUY,long,ADA,Cardano,0.21842200,3433.72004652,750.00,long momentum entry (score 13.65),,,False,False,9781.50,1501.02,,13.651,0.000,0.4000,2.9704,8.8000,-1.9000,4.5000,4.6385,92.4000,0.1237,0.5693,0.2939,59.6197,96.1277,0.1278
2026-09-05T17:36:59Z,aggressive,BUY,long,AVAX,Avalanche,7.58000000,98.94459103,750.00,long momentum entry (score 11.17),,,False,False,9781.50,751.02,,11.171,0.000,0.3000,3.0706,3.2000,1.6000,17.0000,5.7930,87.6000,,,,,,
2026-09-05T17:54:28Z,daytrade,BUY,long,ZEC,Zcash,1030.41000000,0.97048748,1000.00,long momentum entry (score 1.67),,,False,False,9771.27,3754.73,,1.674,0.000,2.3000,2.7751,24.3000,31.6000,100.0000,4.1982,95.6000,0.6613,1.4960,0.4079,60.4206,73.0968,0.2918
2026-09-05T18:57:56Z,daytrade,SELL,long,ADA,Cardano,0.22015800,4587.11387969,1008.37,"trailing stop (peak +1.70%, now +0.99%)",6.87,0.989,True,False,9768.24,4763.11,3.43,1.138,0.000,1.0000,2.2135,8.8000,-3.8000,12.4000,4.8259,92.4000,0.3085,0.8363,0.4473,70.0303,95.7657,0.2053
2026-09-05T19:33:43Z,longshort,SELL,long,BTC,Bitcoin,79973.00000000,0.01839926,1471.44,max hold 48h (-1.90%),-28.56,-1.904,True,False,9735.73,3796.90,48.02,15.135,0.000,0.3000,5.7030,1.0000,11.7000,27.1000,2.1686,99.6000,0.0000,0.0000,0.0000,0.0000,0.0000,0.0000
2026-09-05T19:33:43Z,longshort,SELL,long,AVAX,Avalanche,7.63000000,199.20318725,1519.92,max hold 48h (+1.33%),19.92,1.328,True,False,9735.73,5316.82,48.02,11.065,0.000,0.3000,5.4467,0.0000,3.7000,12.5000,8.0038,88.0000,0.0000,0.0000,0.0000,0.0000,0.0000,0.0000
2026-09-05T19:33:43Z,longshort,BUY,long,UNI,Uniswap,7.18000000,208.91364903,1500.00,long momentum entry (score 73.52),,,False,False,9735.73,3816.82,,73.524,0.000,4.3000,15.5899,40.0000,60.0000,74.2000,15.4392,90.8000,2.6059,6.5416,2.9001,83.7596,100.0000,0.5333
2026-09-05T19:36:54Z,daytrade,SELL,long,ZEC,Zcash,1017.14000000,0.97048748,985.64,stop-loss -1.29%,-15.86,-1.288,True,False,9763.96,5748.75,1.71,1.674,0.000,2.3000,2.7751,24.3000,31.6000,100.0000,4.1982,95.6000,0.6613,1.4960,0.4079,60.4206,73.0968,0.2918
2026-09-05T20:07:15Z,daytrade,SHORT,short,ZEC,Zcash,1010.64000000,0.98947202,1000.00,short momentum entry (score 1.56),,,False,False,9737.95,4747.25,,1.561,0.000,-0.9000,-2.6387,21.7000,21.6000,100.0000,3.7520,95.6000,-0.5113,-1.5880,-0.4115,30.5870,27.5443,0.2562
2026-09-05T20:32:23Z,daytrade,SELL,long,XRP,XRP,1.41000000,704.22535211,991.47,max hold 6h (-0.70%),-10.03,-0.704,True,False,9735.13,5738.72,6.01,0.661,0.000,-0.1000,0.9204,2.0000,-6.1000,35.1000,1.7969,98.0000,0.2085,0.7474,0.1591,52.5343,94.8451,0.1233
2026-09-05T21:00:46Z,longshort,BUY,long,XMR,Monero,545.90000000,2.74775600,1500.00,long momentum entry (score 25.83),,,False,False,9680.44,2316.82,,25.829,0.000,1.1000,1.9241,18.1000,28.3000,49.1000,1.0258,94.4000,,,,,,
2026-09-05T21:11:16Z,daytrade,SELL,long,BNB,BNB,771.11000000,1.29959583,1000.63,max hold 6h (+0.21%),-0.87,0.213,True,False,9733.70,6739.35,6.00,1.111,0.000,1.2000,7.7601,11.7000,10.7000,29.9000,1.7857,98.4000,0.1537,0.6725,0.6017,68.8943,97.9935,0.2249
2026-09-05T21:27:35Z,daytrade,BUY,long,BCH,Bitcoin Cash,257.23000000,3.88757143,1000.00,long momentum entry (score 0.92),,,False,False,9738.31,5737.85,,0.917,0.000,-0.3000,1.6987,3.3000,-8.9000,19.7000,3.0715,91.6000,0.7659,0.1123,0.0933,65.5458,86.5409,0.1781
2026-09-05T21:34:47Z,daytrade,BUY,long,LINK,Chainlink,12.07000000,82.85004143,1000.00,long momentum entry (score 0.62),,,False,False,9744.50,4736.35,,0.620,0.000,0.1000,3.4353,5.2000,2.4000,46.7000,3.9917,93.6000,0.4371,0.0690,0.1319,68.7844,76.8892,0.1875
2026-09-05T21:38:02Z,daytrade,BUY,long,UNI,Uniswap,7.16000000,139.66480447,1000.00,long momentum entry (score 2.41),,,False,False,9740.99,3734.85,,2.406,0.000,-0.5000,16.1513,40.0000,60.0000,78.1000,18.0175,90.8000,1.2021,0.4023,0.8860,60.2190,95.8741,0.4287
2026-09-05T22:29:38Z,daytrade,SELL,long,UNI,Uniswap,7.07000000,139.66480447,985.95,stop-loss -1.26%,-15.55,-1.257,True,False,9714.63,4720.79,0.86,2.406,0.000,-0.5000,16.1513,40.0000,60.0000,78.1000,18.0175,90.8000,1.2021,0.4023,0.8860,60.2190,95.8741,0.4287
2026-09-05T22:34:19Z,daytrade,SELL,long,HYPE,Hyperliquid,85.50000000,11.68497312,997.57,max hold 6h (-0.09%),-3.93,-0.093,True,False,9712.11,5718.36,6.01,0.625,0.000,0.2000,0.8080,3.2000,10.5000,53.0000,4.2897,96.0000,0.2447,0.4989,0.1716,66.3278,94.0619,0.1137
2026-09-05T22:49:39Z,daytrade,BUY,long,LTC,Litecoin,55.04000000,18.16860465,1000.00,long momentum entry (score 2.00),,,False,False,9702.93,4716.86,,2.000,0.000,1.0000,8.3903,11.3000,2.9000,19.7000,11.1814,90.0000,0.6021,2.1225,0.5457,69.8768,96.7532,0.2495
2026-09-05T23:16:40Z,daytrade,SELL,long,XLM,Stellar,0.18422400,5410.84549872,995.31,max hold 6h (-0.32%),-6.19,-0.319,True,False,9692.88,5712.17,6.00,0.790,0.000,0.4000,3.3007,3.2000,-5.6000,14.1000,1.8107,92.0000,0.5452,0.3624,0.0984,72.2561,83.8476,0.2986
2026-09-05T23:30:47Z,daytrade,COVER,short,ZEC,Zcash,1024.19000000,0.98947202,985.11,stop-loss -1.34%,-16.39,-1.341,True,False,9687.64,6697.29,3.39,1.561,0.000,-0.9000,-2.6387,21.7000,21.6000,100.0000,3.7520,95.6000,-0.5113,-1.5880,-0.4115,30.5870,27.5443,0.2562
2026-09-06T00:33:28Z,daytrade,BUY,long,UNI,Uniswap,7.16000000,139.66480447,1000.00,long momentum entry (score 1.24),,,False,False,9695.97,5695.79,,1.240,0.000,-0.6000,16.8892,40.0000,60.0000,75.9000,19.3094,91.2000,0.8595,0.8059,0.0818,67.1232,92.5599,0.2442
2026-09-06T00:34:34Z,daytrade,BUY,long,ZEC,Zcash,1033.00000000,0.96805421,1000.00,long momentum entry (score 1.98),,,False,False,9697.71,4694.29,,1.985,0.000,0.6000,1.5278,21.9000,28.7000,100.0000,3.4183,96.0000,0.8331,1.4646,0.5327,70.4159,88.4851,0.2268
2026-09-06T01:05:02Z,daytrade,SELL,long,LTC,Litecoin,54.36000000,18.16860465,986.16,stop-loss -1.24%,-15.34,-1.235,True,False,9701.19,5680.45,2.26,2.000,0.000,1.0000,8.3903,11.3000,2.9000,19.7000,11.1814,90.0000,0.6021,2.1225,0.5457,69.8768,96.7532,0.2495
2026-09-06T01:06:12Z,daytrade,SELL,long,ZEC,Zcash,1061.88000000,0.96805421,1026.42,take-profit 2.80%,24.92,2.796,True,True,9737.79,6706.87,0.53,1.985,0.000,0.6000,1.5278,21.9000,28.7000,100.0000,3.4183,96.0000,0.8331,1.4646,0.5327,70.4159,88.4851,0.2268
2026-09-06T01:09:08Z,daytrade,SELL,long,UNI,Uniswap,7.35000000,139.66480447,1025.00,take-profit 2.65%,23.50,2.654,True,True,9744.01,7731.86,0.59,1.240,0.000,-0.6000,16.8892,40.0000,60.0000,75.9000,19.3094,91.2000,0.8595,0.8059,0.0818,67.1232,92.5599,0.2442
2026-09-06T01:25:43Z,daytrade,BUY,long,HYPE,Hyperliquid,86.04000000,11.62250116,1000.00,"long momentum entry (score 0.72, pattern -0.62)",,,False,False,9744.86,6730.36,,0.722,-0.618,0.1000,2.2178,2.5000,7.6000,52.3000,3.9301,96.4000,0.7201,0.9907,0.2274,70.7021,93.8918,0.1338
2026-09-06T01:33:32Z,daytrade,BUY,long,ADA,Cardano,0.22150800,4514.50963396,1000.00,"long momentum entry (score 1.09, pattern -0.46)",,,False,False,9744.57,5728.86,,1.088,-0.462,0.6000,4.8367,8.8000,-2.8000,9.3000,5.2079,92.8000,0.7983,0.9320,0.3545,72.9980,93.6140,0.1973
2026-09-06T01:36:48Z,daytrade,BUY,long,ZEC,Zcash,1069.95000000,0.93462311,1000.00,"long momentum entry (score 4.13, pattern +0.20)",,,False,False,9750.66,4727.36,,4.131,0.201,0.6000,5.0432,22.4000,28.4000,100.0000,3.7951,96.0000,0.3092,4.0703,1.8300,71.9634,83.3102,0.8015
2026-09-06T01:39:26Z,daytrade,BUY,long,UNI,Uniswap,7.37000000,135.68521031,1000.00,"long momentum entry (score 3.87, pattern +0.34)",,,False,False,9754.92,3725.86,,3.871,0.342,3.5000,19.2386,40.0000,60.0000,81.7000,20.4732,91.2000,0.4316,3.7969,1.4730,67.0220,90.5707,0.5511
2026-09-06T02:04:05Z,daytrade,SELL,long,LINK,Chainlink,12.43000000,82.85004143,1028.28,take-profit 2.98%,26.78,2.983,True,True,9752.11,4754.14,4.49,0.620,0.000,0.1000,3.4353,5.2000,2.4000,46.7000,3.9917,93.6000,0.4371,0.0690,0.1319,68.7844,76.8892,0.1875
2026-09-06T02:05:16Z,daytrade,BUY,long,ETH,Ethereum,2505.22000000,0.39916654,1000.00,"long momentum entry (score 0.69, pattern -0.41)",,,False,False,9753.73,3752.64,,0.688,-0.412,0.5000,2.2319,1.9000,3.0000,31.7000,2.4365,99.2000,0.3578,1.0227,0.3197,73.5752,98.1079,0.0951
2026-09-06T02:26:33Z,conservative,SELL,long,BNB,BNB,761.32000000,1.38908182,1057.54,"trailing stop (peak +8.26%, now +5.75%)",57.54,5.754,True,False,10111.42,4946.49,56.90,21.444,0.000,-0.5000,5.0541,1.5000,10.7000,21.8000,1.1503,98.4000,0.0000,0.0000,0.0000,0.0000,0.0000,0.0000
2026-09-06T02:26:33Z,conservative,BUY,long,LTC,Litecoin,54.69000000,18.28487841,1000.00,long momentum entry (score 28.89),,,False,False,10111.42,3946.49,,28.895,0.000,0.6000,5.7946,12.3000,3.9000,20.4000,10.9459,89.6000,,,,,,
2026-09-06T02:32:05Z,daytrade,SELL,long,UNI,Uniswap,7.27000000,135.68521031,984.95,stop-loss -1.36%,-16.55,-1.357,True,False,9729.46,4737.60,0.88,3.871,0.342,3.5000,19.2386,40.0000,60.0000,81.7000,20.4732,91.2000,0.4316,3.7969,1.4730,67.0220,90.5707,0.5511
2026-09-06T02:40:50Z,daytrade,SELL,long,BCH,Bitcoin Cash,263.83000000,3.88757143,1024.12,take-profit 2.57%,22.62,2.566,True,True,9750.29,5761.71,5.22,0.917,0.000,-0.3000,1.6987,3.3000,-8.9000,19.7000,3.0715,91.6000,0.7659,0.1123,0.0933,65.5458,86.5409,0.1781
2026-09-06T03:20:29Z,daytrade,BUY,long,SOL,Solana,104.68000000,9.55292319,1000.00,"long momentum entry (score 0.67, pattern -0.41)",,,False,False,9755.63,4760.21,,0.673,-0.406,0.4000,2.7416,-0.8000,8.7000,43.7000,4.2041,97.2000,0.3051,1.0624,0.3343,64.6812,100.0000,0.1286
2026-09-06T03:41:20Z,longshort,COVER,short,XLM,Stellar,0.18701900,8423.93746069,1424.56,stop-loss -5.03%,-75.44,-5.029,True,False,9739.74,3741.39,33.66,9.710,0.000,-0.8000,-4.7498,-0.6000,-7.2000,6.5000,2.4667,92.0000,0.0000,0.0000,0.0000,0.0000,0.0000,0.0000
2026-09-06T03:41:20Z,longshort,BUY,long,ZEC,Zcash,1064.30000000,1.40937706,1500.00,long momentum entry (score 39.85),,,False,False,9739.74,2241.39,,39.855,0.000,0.3000,3.5968,28.1000,34.4000,100.0000,3.7649,96.0000,0.0679,-0.7089,0.5818,49.5558,77.3757,0.2434
2026-09-06T03:41:20Z,daytrade,BUY,long,LTC,Litecoin,55.09000000,18.15211472,1000.00,"long momentum entry (score 1.31, pattern +0.01)",,,False,False,9780.13,3758.71,,1.309,0.006,-0.2000,4.5573,12.1000,5.1000,20.0000,10.5922,90.0000,0.8568,0.7456,0.1541,63.8526,95.9640,0.1540
2026-09-06T04:04:21Z,daytrade,SELL,long,SOL,Solana,105.95000000,9.55292319,1010.61,"trailing stop (peak +2.07%, now +1.21%)",9.11,1.213,True,False,9768.40,4769.33,0.73,0.673,-0.406,0.4000,2.7416,-0.8000,8.7000,43.7000,4.2041,97.2000,0.3051,1.0624,0.3343,64.6812,100.0000,0.1286
2026-09-06T04:08:43Z,longshort,SELL,long,HYPE,Hyperliquid,85.85000000,17.22751809,1478.98,max hold 48h (-1.40%),-21.02,-1.401,True,False,9749.98,3720.37,48.00,21.430,0.000,0.4000,5.6688,4.6000,18.2000,54.8000,8.6464,96.0000,-0.1045,0.1855,0.1261,52.8034,87.3809,0.1648
2026-09-06T04:08:43Z,longshort,BUY,long,ADA,Cardano,0.22198000,6757.36552843,1500.00,long momentum entry (score 17.24),,,False,False,9749.98,2220.37,,17.244,0.000,0.7000,5.4461,11.0000,-0.2000,11.3000,5.2659,92.8000,0.2400,0.4880,0.3250,57.7785,90.6899,0.2155
2026-09-06T04:23:23Z,daytrade,SELL,long,LTC,Litecoin,54.41000000,18.15211472,986.18,stop-loss -1.23%,-15.32,-1.234,True,False,9748.53,5755.50,0.70,1.309,0.006,-0.2000,4.5573,12.1000,5.1000,20.0000,10.5922,90.0000,0.8568,0.7456,0.1541,63.8526,95.9640,0.1540
2026-09-06T04:35:23Z,conservative,SELL,long,LINK,Chainlink,12.12000000,86.13264427,1043.93,"trailing stop (peak +7.06%, now +4.39%)",43.93,4.393,True,False,10103.64,4990.42,39.78,26.605,0.000,-0.4000,2.1253,2.3000,5.5000,47.7000,6.2838,93.6000,0.0000,0.0000,0.0000,0.0000,0.0000,0.0000
2026-09-06T04:35:23Z,conservative,BUY,long,ETH,Ethereum,2502.12000000,0.39966109,1000.00,long momentum entry (score 19.42),,,False,False,10103.64,3990.42,,19.419,0.000,0.2000,2.0386,2.2000,3.8000,32.0000,2.5848,99.2000,-0.2944,-0.0178,0.1082,44.2332,83.6100,0.0922
2026-09-06T04:44:38Z,conservative,SELL,long,ZEC,Zcash,1110.82000000,0.98246303,1091.34,take-profit 9.13%,91.34,9.134,True,True,10144.81,5081.76,30.73,98.869,0.000,-0.7000,7.0791,27.6000,43.3000,96.4000,7.6173,95.6000,-0.6111,-2.3587,-0.3514,30.1049,76.0090,0.3034
2026-09-06T04:44:38Z,conservative,BUY,long,AVAX,Avalanche,7.65000000,130.71895425,1000.00,long momentum entry (score 19.30),,,False,False,10144.81,4081.76,,19.301,0.000,0.4000,3.2615,5.8000,3.4000,20.0000,7.2006,88.4000,,,,,,
2026-09-06T04:44:38Z,daytrade,SELL,long,ZEC,Zcash,1110.82000000,0.93462311,1036.64,take-profit 3.82%,35.14,3.820,True,True,9791.70,6792.14,3.13,4.131,0.201,0.6000,5.0432,22.4000,28.4000,100.0000,3.7951,96.0000,0.3092,4.0703,1.8300,71.9634,83.3102,0.8015
2026-09-06T05:36:51Z,aggressive,SELL,long,ZEC,Zcash,1171.77000000,0.75594946,885.80,take-profit 23.39%,167.93,23.394,True,True,9961.20,1636.82,46.96,67.923,0.000,1.0000,14.2815,21.5000,60.0000,86.6000,6.2880,95.6000,-0.3648,-0.2670,0.2018,39.9692,82.6767,0.2345
2026-09-06T05:36:51Z,aggressive,BUY,long,XMR,Monero,557.14000000,1.34616075,750.00,long momentum entry (score 35.35),,,False,False,9961.20,886.82,,35.346,0.000,0.2000,4.8932,17.9000,29.0000,51.4000,1.0699,94.8000,,,,,,
2026-09-06T05:46:00Z,daytrade,BUY,long,SOL,Solana,106.45000000,9.39408173,1000.00,"long momentum entry (score 1.03, pattern -0.35)",,,False,False,9812.34,5790.64,,1.028,-0.345,-0.2000,4.5939,0.6000,12.8000,45.7000,4.9764,97.2000,0.8102,-0.0137,0.4735,63.3442,92.8749,0.2040
2026-09-06T07:04:24Z,daytrade,BUY,long,ZEC,Zcash,1179.42000000,0.84787438,1000.00,"long momentum entry (score 4.99, pattern +0.34)",,,False,False,9781.86,4789.14,,4.986,0.344,1.4000,15.9422,40.0000,51.4000,100.0000,5.0662,96.4000,0.8707,3.2969,2.1814,62.9211,98.5369,0.4858
2026-09-06T07:14:39Z,daytrade,SELL,long,SOL,Solana,105.11000000,9.39408173,985.93,stop-loss -1.26%,-15.57,-1.259,True,False,9751.88,5775.08,1.48,1.028,-0.345,-0.2000,4.5939,0.6000,12.8000,45.7000,4.9764,97.2000,0.8102,-0.0137,0.4735,63.3442,92.8749,0.2040
2026-09-06T07:14:39Z,daytrade,SELL,long,ZEC,Zcash,1163.91000000,0.84787438,985.37,stop-loss -1.32%,-16.13,-1.315,True,False,9750.40,6760.44,0.17,4.986,0.344,1.4000,15.9422,40.0000,51.4000,100.0000,5.0662,96.4000,0.8707,3.2969,2.1814,62.9211,98.5369,0.4858
2026-09-06T07:15:48Z,daytrade,SELL,long,ADA,Cardano,0.21842500,4514.50963396,984.60,stop-loss -1.39%,-16.90,-1.392,True,False,9741.55,7745.05,5.70,1.088,-0.462,0.6000,4.8367,8.8000,-2.8000,9.3000,5.2079,92.8000,0.7983,0.9320,0.3545,72.9980,93.6140,0.1973
2026-09-06T07:17:07Z,conservative,SELL,long,XMR,Monero,544.83000000,1.88921635,1029.30,"trailing stop (peak +5.57%, now +2.93%)",29.30,2.930,True,False,10098.89,5111.06,29.34,49.547,0.000,1.1000,3.2169,11.6000,27.7000,43.9000,2.2027,94.4000,0.5849,1.6214,0.4910,61.1697,44.4896,0.2375
2026-09-06T07:17:07Z,conservative,BUY,long,BNB,BNB,757.10000000,1.32082948,1000.00,long momentum entry (score 31.51),,,False,False,10098.89,4111.06,,31.511,0.000,-0.1000,3.4808,9.5000,11.3000,29.5000,2.2757,98.4000,-0.4267,-0.5137,-0.1682,30.9178,55.7076,0.1113
2026-09-06T07:25:57Z,daytrade,SELL,long,HYPE,Hyperliquid,86.22000000,11.62250116,1000.59,max hold 6h (+0.21%),-0.91,0.209,True,False,9742.85,8745.64,6.00,0.722,-0.618,0.1000,2.2178,2.5000,7.6000,52.3000,3.9301,96.4000,0.7201,0.9907,0.2274,70.7021,93.8918,0.1338
2026-09-06T08:05:30Z,daytrade,SELL,long,ETH,Ethereum,2495.04000000,0.39916654,994.44,max hold 6h (-0.41%),-7.06,-0.406,True,False,9740.08,9740.08,6.00,0.688,-0.412,0.5000,2.2319,1.9000,3.0000,31.7000,2.4365,99.2000,0.3578,1.0227,0.3197,73.5752,98.1079,0.0951
2026-09-06T08:16:13Z,daytrade,BUY,long,HYPE,Hyperliquid,86.91000000,11.50615579,1000.00,"long momentum entry (score 0.75, pattern -0.44)",,,False,False,9740.08,8738.58,,0.745,-0.444,0.2000,2.7993,3.7000,10.5000,55.6000,4.6932,96.0000,0.7989,0.6611,0.1328,67.0859,93.3733,0.1543
2026-09-06T08:17:23Z,daytrade,BUY,long,ZEC,Zcash,1174.17000000,0.85166543,1000.00,"long momentum entry (score 2.58, pattern +0.29)",,,False,False,9739.15,7737.08,,2.576,0.294,-1.6000,16.5382,38.5000,48.0000,100.0000,5.1487,96.4000,1.2056,0.1898,0.8416,50.6630,95.2378,0.2942
2026-09-06T09:15:36Z,longshort,SELL,long,ZEC,Zcash,1194.40000000,1.40937706,1683.36,take-profit 12.22%,183.36,12.224,True,True,9917.99,3903.73,5.57,39.855,0.000,0.3000,3.5968,28.1000,34.4000,100.0000,3.7649,96.0000,0.0679,-0.7089,0.5818,49.5558,77.3757,0.2434
2026-09-06T09:15:36Z,longshort,BUY,long,LTC,Litecoin,54.34000000,27.60397497,1500.00,long momentum entry (score 14.15),,,False,False,9917.99,2403.73,,14.154,0.000,0.4000,2.6462,10.7000,5.7000,18.8000,8.8392,89.6000,,,,,,
2026-09-06T09:26:19Z,daytrade,SELL,long,ZEC,Zcash,1206.41000000,0.85166543,1025.92,take-profit 2.75%,24.42,2.746,True,True,9766.22,8763.00,1.15,2.576,0.294,-1.6000,16.5382,38.5000,48.0000,100.0000,5.1487,96.4000,1.2056,0.1898,0.8416,50.6630,95.2378,0.2942
2026-09-06T09:26:19Z,daytrade,BUY,long,LINK,Chainlink,12.30000000,81.30081301,1000.00,"long momentum entry (score 0.70, pattern -0.53)",,,False,False,9766.22,7761.50,,0.701,-0.527,-0.2000,3.7321,7.1000,8.0000,49.1000,4.8694,94.0000,0.8518,0.7619,0.0914,64.6417,84.2423,0.1112
2026-09-06T10:20:43Z,daytrade,BUY,long,SOL,Solana,106.70000000,9.37207123,1000.00,"long momentum entry (score 1.00, pattern -0.32)",,,False,False,9769.88,6760.00,,1.003,-0.319,1.2000,4.1287,1.6000,14.3000,45.6000,5.7458,97.2000,0.3068,1.4286,0.4299,73.5489,96.5374,0.1697
2026-09-06T11:06:19Z,daytrade,BUY,long,ZEC,Zcash,1187.88000000,0.84183588,1000.00,"long momentum entry (score 1.81, pattern +0.53)",,,False,False,9768.71,5758.50,,1.813,0.533,0.3000,18.2302,40.0000,48.2000,100.0000,6.0277,96.4000,0.2397,1.5389,0.4184,67.7836,91.7422,0.5300
2026-09-06T11:17:10Z,daytrade,BUY,long,UNI,Uniswap,7.00000000,142.85714286,1000.00,"long momentum entry (score 0.71, pattern +0.14)",,,False,False,9764.46,4757.00,,0.712,0.135,-0.2000,12.0415,40.0000,60.0000,73.7000,24.8221,91.2000,0.2968,0.3789,0.1226,57.6984,62.2663,0.1050
2026-09-06T11:29:18Z,daytrade,SELL,long,ZEC,Zcash,1171.19000000,0.84183588,984.47,stop-loss -1.41%,-17.03,-1.405,True,False,9757.48,5741.47,0.38,1.813,0.533,0.3000,18.2302,40.0000,48.2000,100.0000,6.0277,96.4000,0.2397,1.5389,0.4184,67.7836,91.7422,0.5300
2026-09-06T12:27:23Z,daytrade,SELL,long,HYPE,Hyperliquid,89.17000000,11.50615579,1024.46,take-profit 2.60%,22.96,2.600,True,True,9774.53,6765.93,4.19,0.745,-0.444,0.2000,2.7993,3.7000,10.5000,55.6000,4.6932,96.0000,0.7989,0.6611,0.1328,67.0859,93.3733,0.1543
2026-09-06T13:12:57Z,daytrade,BUY,long,HYPE,Hyperliquid,89.27000000,11.20197155,1000.00,"long momentum entry (score 1.74, pattern +0.00)",,,False,False,9775.85,5764.43,,1.738,0.003,0.8000,4.9502,6.8000,10.7000,56.7000,5.7748,96.0000,0.3323,1.7241,0.6657,68.3809,93.7999,0.2562
2026-09-06T13:24:46Z,daytrade,SHORT,short,ADA,Cardano,0.21864300,4573.66574736,1000.00,"short momentum entry (score 1.03, pattern -0.40)",,,False,False,9757.10,4762.93,,1.031,-0.405,0.1000,0.7781,9.8000,-1.8000,9.6000,5.4605,92.8000,-1.0644,-0.8681,-0.0565,30.1109,41.3323,0.1950
2026-09-06T13:31:22Z,daytrade,BUY,long,ZEC,Zcash,1187.30000000,0.84224712,1000.00,"long momentum entry (score 2.32, pattern +0.47)",,,False,False,9754.19,3761.43,,2.325,0.466,-1.2000,16.7436,38.9000,42.0000,100.0000,6.6214,96.4000,1.3463,1.2065,0.0752,68.0740,90.9358,0.3944
2026-09-06T14:23:43Z,daytrade,SELL,long,UNI,Uniswap,6.91000000,142.85714286,985.66,stop-loss -1.29%,-15.84,-1.286,True,False,9713.85,4747.09,3.11,0.712,0.135,-0.2000,12.0415,40.0000,60.0000,73.7000,24.8221,91.2000,0.2968,0.3789,0.1226,57.6984,62.2663,0.1050
2026-09-06T14:23:43Z,daytrade,SELL,long,ZEC,Zcash,1164.44000000,0.84224712,979.28,stop-loss -1.93%,-22.22,-1.925,True,False,9712.38,5726.37,0.87,2.325,0.466,-1.2000,16.7436,38.9000,42.0000,100.0000,6.6214,96.4000,1.3463,1.2065,0.0752,68.0740,90.9358,0.3944
2026-09-06T14:24:54Z,longshort,SELL,long,NEAR,NEAR Protocol,2.40000000,669.64285714,1607.14,"trailing stop (peak +10.71%, now +7.14%)",107.14,7.143,True,False,9873.29,4010.87,30.91,45.721,0.000,2.2000,13.2819,25.6000,16.2000,32.3000,20.3679,86.4000,0.0000,0.0000,0.0000,0.0000,0.0000,0.0000
2026-09-06T14:24:54Z,longshort,BUY,long,ZEC,Zcash,1167.77000000,1.28449952,1500.00,long momentum entry (score 68.19),,,False,False,9873.29,2510.87,,68.194,0.000,0.9000,15.4712,38.9000,45.1000,100.0000,6.8562,96.4000,-1.1966,-0.8424,-0.1094,31.7726,80.9969,0.3211
2026-09-06T14:36:16Z,daytrade,SELL,long,LINK,Chainlink,12.15000000,81.30081301,986.32,stop-loss -1.22%,-15.18,-1.220,True,False,9703.47,6712.69,5.17,0.701,-0.527,-0.2000,3.7321,7.1000,8.0000,49.1000,4.8694,94.0000,0.8518,0.7619,0.0914,64.6417,84.2423,0.1112
2026-09-06T14:38:32Z,daytrade,SHORT,short,XRP,XRP,1.41000000,709.21985816,1000.00,"short momentum entry (score 0.90, pattern -0.35)",,,False,False,9705.89,5711.19,,0.905,-0.353,-0.2000,-0.7487,1.0000,-5.2000,36.5000,1.7934,98.0000,-0.4862,-1.2186,-0.2873,29.1531,6.8362,0.1171
2026-09-06T14:39:42Z,daytrade,SHORT,short,ETH,Ethereum,2478.59000000,0.40345519,1000.00,"short momentum entry (score 0.74, pattern -0.39)",,,False,False,9703.59,4709.69,,0.736,-0.394,-0.2000,0.8513,1.0000,2.8000,29.2000,3.0585,99.2000,-0.4635,-0.9667,-0.2731,29.8498,34.4515,0.0985
2026-09-06T15:04:37Z,daytrade,SELL,long,SOL,Solana,105.25000000,9.37207123,984.93,stop-loss -1.36%,-16.57,-1.359,True,False,9705.52,5694.62,4.73,1.003,-0.319,1.2000,4.1287,1.6000,14.3000,45.6000,5.7458,97.2000,0.3068,1.4286,0.4299,73.5489,96.5374,0.1697
